[
  { "name": "Afghanistan", "code": "AF", "currency": "AFN" },
  { "name": "Albania", "code": "AL", "currency": "ALL" },
  { "name": "Algeria", "code": "DZ", "currency": "DZD" },
  { "name": "Andorra", "code": "AD", "currency": "EUR" },
  { "name": "Angola", "code": "AO", "currency": "AOA" },
  { "name": "Argentina", "code": "AR", "currency": "ARS" },
  { "name": "Armenia", "code": "AM", "currency": "AMD" },
  { "name": "Australia", "code": "AU", "currency": "AUD" },
  { "name": "Austria", "code": "AT", "currency": "EUR" },
  { "name": "Azerbaigian", "code": "AZ", "currency": "AZN" },
  { "name": "Bahamas", "code": "BS", "currency": "BSD" },
  { "name": "Bahrein", "code": "BH", "currency": "BHD" },
  { "name": "Bangladesh", "code": "BD", "currency": "BDT" },
  { "name": "Barbados", "code": "BB", "currency": "BBD" },
  { "name": "Bielorussia", "code": "BY", "currency": "BYN" },
  { "name": "Belgio", "code": "BE", "currency": "EUR" },
  { "name": "Belize", "code": "BZ", "currency": "BZD" },
  { "name": "Benin", "code": "BJ", "currency": "XOF" },
  { "name": "Bhutan", "code": "BT", "currency": "BTN" },
  { "name": "Bolivia", "code": "BO", "currency": "BOB" },
  { "name": "Bosnia ed Erzegovina", "code": "BA", "currency": "BAM" },
  { "name": "Botswana", "code": "BW", "currency": "BWP" },
  { "name": "Brasile", "code": "BR", "currency": "BRL" },
  { "name": "Brunei", "code": "BN", "currency": "BND" },
  { "name": "Bulgaria", "code": "BG", "currency": "BGN" },
  { "name": "Burkina Faso", "code": "BF", "currency": "XOF" },
  { "name": "Burundi", "code": "BI", "currency": "BIF" },
  { "name": "Cambogia", "code": "KH", "currency": "KHR" },
  { "name": "Camerun", "code": "CM", "currency": "XAF" },
  { "name": "Canada", "code": "CA", "currency": "CAD" },
  { "name": "Capo Verde", "code": "CV", "currency": "CVE" },
  { "name": "Rep. Centrafricana", "code": "CF", "currency": "XAF" },
  { "name": "Ciad", "code": "TD", "currency": "XAF" },
  { "name": "Cile", "code": "CL", "currency": "CLP" },
  { "name": "Cina", "code": "CN", "currency": "CNY" },
  { "name": "Colombia", "code": "CO", "currency": "COP" },
  { "name": "Comore", "code": "KM", "currency": "KMF" },
  { "name": "Congo", "code": "CG", "currency": "XAF" },
  { "name": "Rep. Dem. del Congo", "code": "CD", "currency": "CDF" },
  { "name": "Costa Rica", "code": "CR", "currency": "CRC" },
  { "name": "Costa d'Avorio", "code": "CI", "currency": "XOF" },
  { "name": "Croazia", "code": "HR", "currency": "EUR" },
  { "name": "Cuba", "code": "CU", "currency": "CUP" },
  { "name": "Cipro", "code": "CY", "currency": "EUR" },
  { "name": "Rep. Ceca", "code": "CZ", "currency": "CZK" },
  { "name": "Danimarca", "code": "DK", "currency": "DKK" },
  { "name": "Gibuti", "code": "DJ", "currency": "DJF" },
  { "name": "Dominica", "code": "DM", "currency": "XCD" },
  { "name": "Rep. Dominicana", "code": "DO", "currency": "DOP" },
  { "name": "Ecuador", "code": "EC", "currency": "USD" },
  { "name": "Egitto", "code": "EG", "currency": "EGP" },
  { "name": "El Salvador", "code": "SV", "currency": "USD" },
  { "name": "Guinea Equatoriale", "code": "GQ", "currency": "XAF" },
  { "name": "Eritrea", "code": "ER", "currency": "ERN" },
  { "name": "Estonia", "code": "EE", "currency": "EUR" },
  { "name": "Etiopia", "code": "ET", "currency": "ETB" },
  { "name": "Figi", "code": "FJ", "currency": "FJD" },
  { "name": "Finlandia", "code": "FI", "currency": "EUR" },
  { "name": "Francia", "code": "FR", "currency": "EUR" },
  { "name": "Gabon", "code": "GA", "currency": "XAF" },
  { "name": "Gambia", "code": "GM", "currency": "GMD" },
  { "name": "Georgia", "code": "GE", "currency": "GEL" },
  { "name": "Germania", "code": "DE", "currency": "EUR" },
  { "name": "Ghana", "code": "GH", "currency": "GHS" },
  { "name": "Grecia", "code": "GR", "currency": "EUR" },
  { "name": "Grenada", "code": "GD", "currency": "XCD" },
  { "name": "Guatemala", "code": "GT", "currency": "GTQ" },
  { "name": "Guinea", "code": "GN", "currency": "GNF" },
  { "name": "Guinea-Bissau", "code": "GW", "currency": "XOF" },
  { "name": "Guyana", "code": "GY", "currency": "GYD" },
  { "name": "Haiti", "code": "HT", "currency": "HTG" },
  { "name": "Honduras", "code": "HN", "currency": "HNL" },
  { "name": "Ungheria", "code": "HU", "currency": "HUF" },
  { "name": "Islanda", "code": "IS", "currency": "ISK" },
  { "name": "India", "code": "IN", "currency": "INR" },
  { "name": "Indonesia", "code": "ID", "currency": "IDR" },
  { "name": "Iran", "code": "IR", "currency": "IRR" },
  { "name": "Iraq", "code": "IQ", "currency": "IQD" },
  { "name": "Irlanda", "code": "IE", "currency": "EUR" },
  { "name": "Israele", "code": "IL", "currency": "ILS" },
  { "name": "Italia", "code": "IT", "currency": "EUR" },
  { "name": "Giamaica", "code": "JM", "currency": "JMD" },
  { "name": "Giappone", "code": "JP", "currency": "JPY" },
  { "name": "Giordania", "code": "JO", "currency": "JOD" },
  { "name": "Kazakistan", "code": "KZ", "currency": "KZT" },
  { "name": "Kenya", "code": "KE", "currency": "KES" },
  { "name": "Kiribati", "code": "KI", "currency": "AUD" },
  { "name": "Kuwait", "code": "KW", "currency": "KWD" },
  { "name": "Kirghizistan", "code": "KG", "currency": "KGS" },
  { "name": "Laos", "code": "LA", "currency": "LAK" },
  { "name": "Lettonia", "code": "LV", "currency": "EUR" },
  { "name": "Libano", "code": "LB", "currency": "LBP" },
  { "name": "Lesotho", "code": "LS", "currency": "LSL" },
  { "name": "Liberia", "code": "LR", "currency": "LRD" },
  { "name": "Libia", "code": "LY", "currency": "LYD" },
  { "name": "Liechtenstein", "code": "LI", "currency": "CHF" },
  { "name": "Lituania", "code": "LT", "currency": "EUR" },
  { "name": "Lussemburgo", "code": "LU", "currency": "EUR" },
  { "name": "Macedonia del Nord", "code": "MK", "currency": "MKD" },
  { "name": "Madagascar", "code": "MG", "currency": "MGA" },
  { "name": "Malawi", "code": "MW", "currency": "MWK" },
  { "name": "Malesia", "code": "MY", "currency": "MYR" },
  { "name": "Maldive", "code": "MV", "currency": "MVR" },
  { "name": "Mali", "code": "ML", "currency": "XOF" },
  { "name": "Malta", "code": "MT", "currency": "EUR" },
  { "name": "Isole Marshall", "code": "MH", "currency": "USD" },
  { "name": "Mauritania", "code": "MR", "currency": "MRU" },
  { "name": "Mauritius", "code": "MU", "currency": "MUR" },
  { "name": "Messico", "code": "MX", "currency": "MXN" },
  { "name": "Micronesia", "code": "FM", "currency": "USD" },
  { "name": "Moldavia", "code": "MD", "currency": "MDL" },
  { "name": "Monaco", "code": "MC", "currency": "EUR" },
  { "name": "Mongolia", "code": "MN", "currency": "MNT" },
  { "name": "Montenegro", "code": "ME", "currency": "EUR" },
  { "name": "Marocco", "code": "MA", "currency": "MAD" },
  { "name": "Mozambico", "code": "MZ", "currency": "MZN" },
  { "name": "Myanmar", "code": "MM", "currency": "MMK" },
  { "name": "Namibia", "code": "NA", "currency": "NAD" },
  { "name": "Nauru", "code": "NR", "currency": "AUD" },
  { "name": "Nepal", "code": "NP", "currency": "NPR" },
  { "name": "Paesi Bassi", "code": "NL", "currency": "EUR" },
  { "name": "Nuova Zelanda", "code": "NZ", "currency": "NZD" },
  { "name": "Nicaragua", "code": "NI", "currency": "NIO" },
  { "name": "Niger", "code": "NE", "currency": "XOF" },
  { "name": "Nigeria", "code": "NG", "currency": "NGN" },
  { "name": "Corea del Nord", "code": "KP", "currency": "KPW" },
  { "name": "Norvegia", "code": "NO", "currency": "NOK" },
  { "name": "Oman", "code": "OM", "currency": "OMR" },
  { "name": "Pakistan", "code": "PK", "currency": "PKR" },
  { "name": "Palau", "code": "PW", "currency": "USD" },
  { "name": "Panama", "code": "PA", "currency": "PAB" },
  { "name": "Papua Nuova Guinea", "code": "PG", "currency": "PGK" },
  { "name": "Paraguay", "code": "PY", "currency": "PYG" },
  { "name": "Perù", "code": "PE", "currency": "PEN" },
  { "name": "Filippine", "code": "PH", "currency": "PHP" },
  { "name": "Polonia", "code": "PL", "currency": "PLN" },
  { "name": "Portogallo", "code": "PT", "currency": "EUR" },
  { "name": "Qatar", "code": "QA", "currency": "QAR" },
  { "name": "Romania", "code": "RO", "currency": "RON" },
  { "name": "Russia", "code": "RU", "currency": "RUB" },
  { "name": "Ruanda", "code": "RW", "currency": "RWF" },
  { "name": "Saint Kitts e Nevis", "code": "KN", "currency": "XCD" },
  { "name": "Saint Lucia", "code": "LC", "currency": "XCD" },
  { "name": "Saint Vincent e Grenadine", "code": "VC", "currency": "XCD" },
  { "name": "Samoa", "code": "WS", "currency": "WST" },
  { "name": "San Marino", "code": "SM", "currency": "EUR" },
  { "name": "Sao Tome e Principe", "code": "ST", "currency": "STN" },
  { "name": "Arabia Saudita", "code": "SA", "currency": "SAR" },
  { "name": "Senegal", "code": "SN", "currency": "XOF" },
  { "name": "Serbia", "code": "RS", "currency": "RSD" },
  { "name": "Seychelles", "code": "SC", "currency": "SCR" },
  { "name": "Sierra Leone", "code": "SL", "currency": "SLL" },
  { "name": "Singapore", "code": "SG", "currency": "SGD" },
  { "name": "Slovacchia", "code": "SK", "currency": "EUR" },
  { "name": "Slovenia", "code": "SI", "currency": "EUR" },
  { "name": "Isole Salomone", "code": "SB", "currency": "SBD" },
  { "name": "Somalia", "code": "SO", "currency": "SOS" },
  { "name": "Sudafrica", "code": "ZA", "currency": "ZAR" },
  { "name": "Corea del Sud", "code": "KR", "currency": "KRW" },
  { "name": "Sudan del Sud", "code": "SS", "currency": "SSP" },
  { "name": "Spagna", "code": "ES", "currency": "EUR" },
  { "name": "Sri Lanka", "code": "LK", "currency": "LKR" },
  { "name": "Sudan", "code": "SD", "currency": "SDG" },
  { "name": "Suriname", "code": "SR", "currency": "SRD" },
  { "name": "Svezia", "code": "SE", "currency": "SEK" },
  { "name": "Svizzera", "code": "CH", "currency": "CHF" },
  { "name": "Siria", "code": "SY", "currency": "SYP" },
  { "name": "Taiwan", "code": "TW", "currency": "TWD" },
  { "name": "Tagikistan", "code": "TJ", "currency": "TJS" },
  { "name": "Tanzania", "code": "TZ", "currency": "TZS" },
  { "name": "Thailandia", "code": "TH", "currency": "THB" },
  { "name": "Timor Est", "code": "TL", "currency": "USD" },
  { "name": "Togo", "code": "TG", "currency": "XOF" },
  { "name": "Tonga", "code": "TO", "currency": "TOP" },
  { "name": "Trinidad e Tobago", "code": "TT", "currency": "TTD" },
  { "name": "Tunisia", "code": "TN", "currency": "TND" },
  { "name": "Turchia", "code": "TR", "currency": "TRY" },
  { "name": "Turkmenistan", "code": "TM", "currency": "TMT" },
  { "name": "Tuvalu", "code": "TV", "currency": "AUD" },
  { "name": "Uganda", "code": "UG", "currency": "UGX" },
  { "name": "Ucraina", "code": "UA", "currency": "UAH" },
  { "name": "Emirati Arabi Uniti", "code": "AE", "currency": "AED" },
  { "name": "Regno Unito", "code": "GB", "currency": "GBP" },
  { "name": "Stati Uniti", "code": "US", "currency": "USD" },
  { "name": "Uruguay", "code": "UY", "currency": "UYU" },
  { "name": "Uzbekistan", "code": "UZ", "currency": "UZS" },
  { "name": "Vanuatu", "code": "VU", "currency": "VUV" },
  { "name": "Città del Vaticano", "code": "VA", "currency": "EUR" },
  { "name": "Venezuela", "code": "VE", "currency": "VES" },
  { "name": "Vietnam", "code": "VN", "currency": "VND" },
  { "name": "Yemen", "code": "YE", "currency": "YER" },
  { "name": "Zambia", "code": "ZM", "currency": "ZMW" },
  { "name": "Zimbabwe", "code": "ZW", "currency": "ZWL" }
]
